{"stats":{"minecraft:used":{"minecraft:crafting_table":1},"minecraft:crafted":{"minecraft:acacia_planks":12,"minecraft:crafting_table":1,"minecraft:stick":4,"minecraft:wooden_pickaxe":1,"minecraft:wooden_axe":1},"minecraft:picked_up":{"minecraft:crafting_table":1,"minecraft:acacia_log":3,"minecraft:wheat_seeds":8},"minecraft:dropped":{"minecraft:wheat_seeds":8},"minecraft:custom":{"minecraft:time_since_rest":7886,"minecraft:sprint_one_cm":10987,"minecraft:play_time":7886,"minecraft:walk_one_cm":3717,"minecraft:drop":8,"minecraft:jump":118,"minecraft:leave_game":2,"minecraft:walk_on_water_one_cm":1462,"minecraft:time_since_death":7886,"minecraft:total_world_time":7886,"minecraft:interact_with_crafting_table":2,"minecraft:fall_one_cm":4505,"minecraft:fly_one_cm":38492},"minecraft:mined":{"minecraft:acacia_log":3,"minecraft:crafting_table":1}},"DataVersion":3465}