{"stats":{"minecraft:crafted":{"minecraft:crafting_table":1,"minecraft:spruce_planks":12,"minecraft:stick":4,"minecraft:wooden_pickaxe":1,"minecraft:wooden_axe":1},"minecraft:mined":{"minecraft:spruce_log":3},"minecraft:used":{"minecraft:netherrack":2,"minecraft:flint_and_steel":2,"minecraft:red_bed":1,"alexsmobs:animal_dictionary":1,"iceandfire:dragonegg_red":2},"minecraft:dropped":{"iceandfire:dragon_meal":1,"minecraft:spruce_log":1,"minecraft:spruce_sapling":2},"minecraft:picked_up":{"iceandfire:dragonegg_red":1,"minecraft:spruce_sapling":2,"minecraft:spruce_log":4},"minecraft:custom":{"minecraft:time_since_rest":4416,"minecraft:crouch_one_cm":1,"minecraft:play_time":16656,"minecraft:sprint_one_cm":31442,"minecraft:damage_taken":30,"minecraft:walk_one_cm":27455,"minecraft:sneak_time":12,"minecraft:drop":4,"minecraft:jump":279,"minecraft:damage_dealt":92,"minecraft:walk_on_water_one_cm":1202,"minecraft:time_since_death":16656,"minecraft:leave_game":1,"minecraft:sleep_in_bed":1,"minecraft:total_world_time":16656,"minecraft:interact_with_crafting_table":1,"minecraft:fall_one_cm":685,"minecraft:fly_one_cm":64049}},"DataVersion":3465}