{"stats":{"minecraft:crafted":{"minecraft:wooden_sword":1,"minecraft:crafting_table":1,"minecraft:spruce_planks":16,"minecraft:stick":4},"minecraft:mined":{"minecraft:spruce_leaves":1,"minecraft:spruce_log":4},"minecraft:used":{"minecraft:oak_log":2,"minecraft:water_bucket":7,"minecraft:wooden_sword":13,"minecraft:crafting_table":1,"minecraft:red_bed":2,"minecraft:grass_block":4,"iceandfire:dragonegg_blue":1,"minecraft:spruce_sapling":9},"minecraft:dropped":{"minecraft:spruce_sapling":5},"minecraft:picked_up":{"minecraft:pink_petals":5,"minecraft:stick":1,"minecraft:wheat_seeds":1,"minecraft:gravel":1,"minecraft:porkchop":2,"minecraft:spruce_sapling":12,"minecraft:spruce_log":4},"minecraft:custom":{"minecraft:time_since_rest":5921,"minecraft:crouch_one_cm":1462,"minecraft:play_time":15016,"minecraft:sprint_one_cm":18337,"minecraft:damage_taken":92,"minecraft:walk_one_cm":45201,"minecraft:sneak_time":676,"minecraft:mob_kills":1,"minecraft:drop":5,"minecraft:jump":168,"minecraft:leave_game":1,"minecraft:damage_dealt":477,"minecraft:walk_on_water_one_cm":336,"minecraft:time_since_death":15016,"minecraft:sleep_in_bed":1,"minecraft:total_world_time":15016,"minecraft:interact_with_crafting_table":3,"minecraft:fly_one_cm":74549},"minecraft:killed":{"minecraft:pig":1}},"DataVersion":3465}