{"stats":{"minecraft:broken":{"minecraft:wooden_axe":1},"minecraft:mined":{"minecraft:grass":2,"quark:blossom_log":3,"minecraft:crafting_table":1},"minecraft:picked_up":{"minecraft:crafting_table":1,"quark:blossom_log":101,"quark:yellow_blossom_sapling":9},"minecraft:dropped":{"quark:yellow_blossom_sapling":9},"minecraft:crafted":{"quark:blossom_planks":12,"minecraft:crafting_table":1,"minecraft:stick":4,"minecraft:wooden_pickaxe":1,"minecraft:wooden_axe":1},"minecraft:used":{"minecraft:crafting_table":1},"minecraft:custom":{"minecraft:time_since_rest":5587,"minecraft:crouch_one_cm":1,"minecraft:play_time":5587,"minecraft:sprint_one_cm":8281,"minecraft:walk_one_cm":6356,"minecraft:sneak_time":37,"minecraft:drop":9,"minecraft:jump":14,"minecraft:time_since_death":5587,"minecraft:total_world_time":5587,"minecraft:interact_with_crafting_table":1,"minecraft:fall_one_cm":627,"minecraft:fly_one_cm":4097}},"DataVersion":3465}